Letter,State,Time_of_Threshold,t_x,t_11,ID,First_sweep_with_APs,Trace_start,Peak_amplitude,R2S1_Peak,Time_to_Peak,Antipeak_amplitude,Time_of_antipeak,Half_width,Sweep,No_of_APs,Notes
K,Baseline,566.7999878,-30.15136719,10.37217808,23608001.abf,5,4021,83.52661133,-34.75952148,568.0999756,-24.07836914,573.5,1.81995213,1,0,Fine-AP-a-bit-later
K,Baseline,566.7999878,-30.15136719,10.37217808,23608001.abf,5,4021,83.52661133,-34.75952148,568.0999756,-24.07836914,573.5,1.81995213,2,0,
K,Baseline,566.7999878,-30.15136719,10.37217808,23608001.abf,5,4021,83.52661133,-34.75952148,568.0999756,-24.07836914,573.5,1.81995213,3,0,
K,Baseline,566.7999878,-30.15136719,10.37217808,23608001.abf,5,4021,83.52661133,-34.75952148,568.0999756,-24.07836914,573.5,1.81995213,4,0,
K,Baseline,566.7999878,-30.15136719,10.37217808,23608001.abf,5,4021,83.52661133,-34.75952148,568.0999756,-24.07836914,573.5,1.81995213,5,2,
K,Baseline,566.7999878,-30.15136719,10.37217808,23608001.abf,5,4021,83.52661133,-34.75952148,568.0999756,-24.07836914,573.5,1.81995213,6,3,
K,Baseline,566.7999878,-30.15136719,10.37217808,23608001.abf,5,4021,83.52661133,-34.75952148,568.0999756,-24.07836914,573.5,1.81995213,7,4,
K,Baseline,566.7999878,-30.15136719,10.37217808,23608001.abf,5,4021,83.52661133,-34.75952148,568.0999756,-24.07836914,573.5,1.81995213,8,5,
K,Baseline,566.7999878,-30.15136719,10.37217808,23608001.abf,5,4021,83.52661133,-34.75952148,568.0999756,-24.07836914,573.5,1.81995213,9,5,
K,Baseline,566.7999878,-30.15136719,10.37217808,23608001.abf,5,4021,83.52661133,-34.75952148,568.0999756,-24.07836914,573.5,1.81995213,10,6,
K,Insulin,375.3999939,-37.59765625,14.64754391,23608008.abf,8,7021,79.25415039,-30.57861328,376.6000061,-24.99389648,382.2000122,1.802949667,1,0,
K,Insulin,375.3999939,-37.59765625,14.64754391,23608008.abf,8,7021,79.25415039,-30.57861328,376.6000061,-24.99389648,382.2000122,1.802949667,2,0,
K,Insulin,375.3999939,-37.59765625,14.64754391,23608008.abf,8,7021,79.25415039,-30.57861328,376.6000061,-24.99389648,382.2000122,1.802949667,3,0,
K,Insulin,375.3999939,-37.59765625,14.64754391,23608008.abf,8,7021,79.25415039,-30.57861328,376.6000061,-24.99389648,382.2000122,1.802949667,4,0,
K,Insulin,375.3999939,-37.59765625,14.64754391,23608008.abf,8,7021,79.25415039,-30.57861328,376.6000061,-24.99389648,382.2000122,1.802949667,5,0,
K,Insulin,375.3999939,-37.59765625,14.64754391,23608008.abf,8,7021,79.25415039,-30.57861328,376.6000061,-24.99389648,382.2000122,1.802949667,6,0,
K,Insulin,375.3999939,-37.59765625,14.64754391,23608008.abf,8,7021,79.25415039,-30.57861328,376.6000061,-24.99389648,382.2000122,1.802949667,7,0,
K,Insulin,375.3999939,-37.59765625,14.64754391,23608008.abf,8,7021,79.25415039,-30.57861328,376.6000061,-24.99389648,382.2000122,1.802949667,8,1,
K,Insulin,375.3999939,-37.59765625,14.64754391,23608008.abf,8,7021,79.25415039,-30.57861328,376.6000061,-24.99389648,382.2000122,1.802949667,9,2,
K,Insulin,375.3999939,-37.59765625,14.64754391,23608008.abf,8,7021,79.25415039,-30.57861328,376.6000061,-24.99389648,382.2000122,1.802949667,10,2,
L,Baseline,359.1000061,-29.05273438,10.37534332,23608017.abf,5,4021,70.25146484,-22.58300781,360.3999939,-31.31103516,364,1.341849566,1,0,
L,Baseline,359.1000061,-29.05273438,10.37534332,23608017.abf,5,4021,70.25146484,-22.58300781,360.3999939,-31.31103516,364,1.341849566,2,0,
L,Baseline,359.1000061,-29.05273438,10.37534332,23608017.abf,5,4021,70.25146484,-22.58300781,360.3999939,-31.31103516,364,1.341849566,3,0,
L,Baseline,359.1000061,-29.05273438,10.37534332,23608017.abf,5,4021,70.25146484,-22.58300781,360.3999939,-31.31103516,364,1.341849566,4,0,
L,Baseline,359.1000061,-29.05273438,10.37534332,23608017.abf,5,4021,70.25146484,-22.58300781,360.3999939,-31.31103516,364,1.341849566,5,3,
L,Baseline,359.1000061,-29.05273438,10.37534332,23608017.abf,5,4021,70.25146484,-22.58300781,360.3999939,-31.31103516,364,1.341849566,6,3,
L,Baseline,359.1000061,-29.05273438,10.37534332,23608017.abf,5,4021,70.25146484,-22.58300781,360.3999939,-31.31103516,364,1.341849566,7,5,
L,Baseline,359.1000061,-29.05273438,10.37534332,23608017.abf,5,4021,70.25146484,-22.58300781,360.3999939,-31.31103516,364,1.341849566,8,8,
L,Baseline,359.1000061,-29.05273438,10.37534332,23608017.abf,5,4021,70.25146484,-22.58300781,360.3999939,-31.31103516,364,1.341849566,9,1,Check-half-aps
L,Baseline,359.1000061,-29.05273438,10.37534332,23608017.abf,5,4021,70.25146484,-22.58300781,360.3999939,-31.31103516,364,1.341849566,10,0,
L,Insulin,376,-25.57373047,10.98565769,23608025.abf,9,8021,51.51367188,-20.7824707,377.5,-38.7878418,382.7000122,1.697765589,1,0,
L,Insulin,376,-25.57373047,10.98565769,23608025.abf,9,8021,51.51367188,-20.7824707,377.5,-38.7878418,382.7000122,1.697765589,2,0,
L,Insulin,376,-25.57373047,10.98565769,23608025.abf,9,8021,51.51367188,-20.7824707,377.5,-38.7878418,382.7000122,1.697765589,3,0,
L,Insulin,376,-25.57373047,10.98565769,23608025.abf,9,8021,51.51367188,-20.7824707,377.5,-38.7878418,382.7000122,1.697765589,4,0,
L,Insulin,376,-25.57373047,10.98565769,23608025.abf,9,8021,51.51367188,-20.7824707,377.5,-38.7878418,382.7000122,1.697765589,5,0,
L,Insulin,376,-25.57373047,10.98565769,23608025.abf,9,8021,51.51367188,-20.7824707,377.5,-38.7878418,382.7000122,1.697765589,6,0,
L,Insulin,376,-25.57373047,10.98565769,23608025.abf,9,8021,51.51367188,-20.7824707,377.5,-38.7878418,382.7000122,1.697765589,7,0,
L,Insulin,376,-25.57373047,10.98565769,23608025.abf,9,8021,51.51367188,-20.7824707,377.5,-38.7878418,382.7000122,1.697765589,8,0,
L,Insulin,376,-25.57373047,10.98565769,23608025.abf,9,8021,51.51367188,-20.7824707,377.5,-38.7878418,382.7000122,1.697765589,9,1,
L,Insulin,376,-25.57373047,10.98565769,23608025.abf,9,8021,51.51367188,-20.7824707,377.5,-38.7878418,382.7000122,1.697765589,10,1,
R,Baseline,379.2999878,-33.08105469,12.20628643,23612001.abf,5,4021,72.47924805,-16.90673828,380.2999878,-24.26147461,386,1.584090352,1,0,
R,Baseline,379.2999878,-33.08105469,12.20628643,23612001.abf,5,4021,72.47924805,-16.90673828,380.2999878,-24.26147461,386,1.584090352,2,0,
R,Baseline,379.2999878,-33.08105469,12.20628643,23612001.abf,5,4021,72.47924805,-16.90673828,380.2999878,-24.26147461,386,1.584090352,3,0,
R,Baseline,379.2999878,-33.08105469,12.20628643,23612001.abf,5,4021,72.47924805,-16.90673828,380.2999878,-24.26147461,386,1.584090352,4,0,
R,Baseline,379.2999878,-33.08105469,12.20628643,23612001.abf,5,4021,72.47924805,-16.90673828,380.2999878,-24.26147461,386,1.584090352,5,2,
R,Baseline,379.2999878,-33.08105469,12.20628643,23612001.abf,5,4021,72.47924805,-16.90673828,380.2999878,-24.26147461,386,1.584090352,6,3,
R,Baseline,379.2999878,-33.08105469,12.20628643,23612001.abf,5,4021,72.47924805,-16.90673828,380.2999878,-24.26147461,386,1.584090352,7,4,
R,Baseline,379.2999878,-33.08105469,12.20628643,23612001.abf,5,4021,72.47924805,-16.90673828,380.2999878,-24.26147461,386,1.584090352,8,5,
R,Baseline,379.2999878,-33.08105469,12.20628643,23612001.abf,5,4021,72.47924805,-16.90673828,380.2999878,-24.26147461,386,1.584090352,9,5,
R,Baseline,379.2999878,-33.08105469,12.20628643,23612001.abf,5,4021,72.47924805,-16.90673828,380.2999878,-24.26147461,386,1.584090352,10,3,
R,Insulin,383.6000061,-37.84179688,15.25785732,23612011.abf,5,4021,42.63305664,-4.852294922,384.8999939,-13.42773438,393.8999939,2.154090166,1,0,
R,Insulin,383.6000061,-37.84179688,15.25785732,23612011.abf,5,4021,42.63305664,-4.852294922,384.8999939,-13.42773438,393.8999939,2.154090166,2,0,
R,Insulin,383.6000061,-37.84179688,15.25785732,23612011.abf,5,4021,42.63305664,-4.852294922,384.8999939,-13.42773438,393.8999939,2.154090166,3,0,
R,Insulin,383.6000061,-37.84179688,15.25785732,23612011.abf,5,4021,42.63305664,-4.852294922,384.8999939,-13.42773438,393.8999939,2.154090166,4,0,
R,Insulin,383.6000061,-37.84179688,15.25785732,23612011.abf,5,4021,42.63305664,-4.852294922,384.8999939,-13.42773438,393.8999939,2.154090166,5,2,
R,Insulin,383.6000061,-37.84179688,15.25785732,23612011.abf,5,4021,42.63305664,-4.852294922,384.8999939,-13.42773438,393.8999939,2.154090166,6,4,
R,Insulin,383.6000061,-37.84179688,15.25785732,23612011.abf,5,4021,42.63305664,-4.852294922,384.8999939,-13.42773438,393.8999939,2.154090166,7,6,
R,Insulin,383.6000061,-37.84179688,15.25785732,23612011.abf,5,4021,42.63305664,-4.852294922,384.8999939,-13.42773438,393.8999939,2.154090166,8,8,
R,Insulin,383.6000061,-37.84179688,15.25785732,23612011.abf,5,4021,42.63305664,-4.852294922,384.8999939,-13.42773438,393.8999939,2.154090166,9,9,
R,Insulin,383.6000061,-37.84179688,15.25785732,23612011.abf,5,4021,42.63305664,-4.852294922,384.8999939,-13.42773438,393.8999939,2.154090166,10,10,
S,Baseline,330.2000122,-38.05541992,16.48351669,23613002.abf,6,5021,79.3762207,-15.41137695,330.8999939,-11.38305664,332.8999939,0.919002235,1,0,
S,Baseline,330.2000122,-38.05541992,16.48351669,23613002.abf,6,5021,79.3762207,-15.41137695,330.8999939,-11.38305664,332.8999939,0.919002235,2,0,
S,Baseline,330.2000122,-38.05541992,16.48351669,23613002.abf,6,5021,79.3762207,-15.41137695,330.8999939,-11.38305664,332.8999939,0.919002235,3,0,
S,Baseline,330.2000122,-38.05541992,16.48351669,23613002.abf,6,5021,79.3762207,-15.41137695,330.8999939,-11.38305664,332.8999939,0.919002235,4,0,
S,Baseline,330.2000122,-38.05541992,16.48351669,23613002.abf,6,5021,79.3762207,-15.41137695,330.8999939,-11.38305664,332.8999939,0.919002235,5,0,
S,Baseline,330.2000122,-38.05541992,16.48351669,23613002.abf,6,5021,79.3762207,-15.41137695,330.8999939,-11.38305664,332.8999939,0.919002235,6,4,Double-AP
S,Baseline,330.2000122,-38.05541992,16.48351669,23613002.abf,6,5021,79.3762207,-15.41137695,330.8999939,-11.38305664,332.8999939,0.919002235,7,5,
S,Baseline,330.2000122,-38.05541992,16.48351669,23613002.abf,6,5021,79.3762207,-15.41137695,330.8999939,-11.38305664,332.8999939,0.919002235,8,7,
S,Baseline,330.2000122,-38.05541992,16.48351669,23613002.abf,6,5021,79.3762207,-15.41137695,330.8999939,-11.38305664,332.8999939,0.919002235,9,7,
S,Baseline,330.2000122,-38.05541992,16.48351669,23613002.abf,6,5021,79.3762207,-15.41137695,330.8999939,-11.38305664,332.8999939,0.919002235,10,8,
S,Insulin,NA,NA,NA,NA,NA,NA,0,NA,NA,NA,NA,NA,1,0,
S,Insulin,NA,NA,NA,NA,NA,NA,0,NA,NA,NA,NA,NA,2,0,
S,Insulin,NA,NA,NA,NA,NA,NA,0,NA,NA,NA,NA,NA,3,0,
S,Insulin,NA,NA,NA,NA,NA,NA,0,NA,NA,NA,NA,NA,4,0,
S,Insulin,NA,NA,NA,NA,NA,NA,0,NA,NA,NA,NA,NA,5,0,
S,Insulin,NA,NA,NA,NA,NA,NA,0,NA,NA,NA,NA,NA,6,0,
S,Insulin,NA,NA,NA,NA,NA,NA,0,NA,NA,NA,NA,NA,7,0,
S,Insulin,NA,NA,NA,NA,NA,NA,0,NA,NA,NA,NA,NA,8,0,
S,Insulin,NA,NA,NA,NA,NA,NA,0,NA,NA,NA,NA,NA,9,0,
S,Insulin,NA,NA,NA,NA,NA,NA,0,NA,NA,NA,NA,NA,10,0,
AD,Baseline,335.7000122,-27.43530273,11.90476227,23620001.abf,5,4021,65.55175781,-35.09521484,336.8999939,-33.23364639,347.5,1.634490728,1,0,
AD,Baseline,335.7000122,-27.43530273,11.90476227,23620001.abf,5,4021,65.55175781,-35.09521484,336.8999939,-33.23364639,347.5,1.634490728,2,0,
AD,Baseline,335.7000122,-27.43530273,11.90476227,23620001.abf,5,4021,65.55175781,-35.09521484,336.8999939,-33.23364639,347.5,1.634490728,3,0,
AD,Baseline,335.7000122,-27.43530273,11.90476227,23620001.abf,5,4021,65.55175781,-35.09521484,336.8999939,-33.23364639,347.5,1.634490728,4,0,
AD,Baseline,335.7000122,-27.43530273,11.90476227,23620001.abf,5,4021,65.55175781,-35.09521484,336.8999939,-33.23364639,347.5,1.634490728,5,2,
AD,Baseline,335.7000122,-27.43530273,11.90476227,23620001.abf,5,4021,65.55175781,-35.09521484,336.8999939,-33.23364639,347.5,1.634490728,6,3,
AD,Baseline,335.7000122,-27.43530273,11.90476227,23620001.abf,5,4021,65.55175781,-35.09521484,336.8999939,-33.23364639,347.5,1.634490728,7,4,
AD,Baseline,335.7000122,-27.43530273,11.90476227,23620001.abf,5,4021,65.55175781,-35.09521484,336.8999939,-33.23364639,347.5,1.634490728,8,5,
AD,Baseline,335.7000122,-27.43530273,11.90476227,23620001.abf,5,4021,65.55175781,-35.09521484,336.8999939,-33.23364639,347.5,1.634490728,9,6,
AD,Baseline,335.7000122,-27.43530273,11.90476227,23620001.abf,5,4021,65.55175781,-35.09521484,336.8999939,-33.23364639,347.5,1.634490728,10,6,
AD,Insulin,325.3999939,-40.55786133,12.20628643,23620014.abf,5,4021,59.50927734,-21.14868164,326.7999878,-25.390625,335.2999878,1.802826524,1,0,
AD,Insulin,325.3999939,-40.55786133,12.20628643,23620014.abf,5,4021,59.50927734,-21.14868164,326.7999878,-25.390625,335.2999878,1.802826524,2,0,
AD,Insulin,325.3999939,-40.55786133,12.20628643,23620014.abf,5,4021,59.50927734,-21.14868164,326.7999878,-25.390625,335.2999878,1.802826524,3,0,
AD,Insulin,325.3999939,-40.55786133,12.20628643,23620014.abf,5,4021,59.50927734,-21.14868164,326.7999878,-25.390625,335.2999878,1.802826524,4,0,
AD,Insulin,325.3999939,-40.55786133,12.20628643,23620014.abf,5,4021,59.50927734,-21.14868164,326.7999878,-25.390625,335.2999878,1.802826524,5,2,
AD,Insulin,325.3999939,-40.55786133,12.20628643,23620014.abf,5,4021,59.50927734,-21.14868164,326.7999878,-25.390625,335.2999878,1.802826524,6,3,
AD,Insulin,325.3999939,-40.55786133,12.20628643,23620014.abf,5,4021,59.50927734,-21.14868164,326.7999878,-25.390625,335.2999878,1.802826524,7,5,
AD,Insulin,325.3999939,-40.55786133,12.20628643,23620014.abf,5,4021,59.50927734,-21.14868164,326.7999878,-25.390625,335.2999878,1.802826524,8,6,
AD,Insulin,325.3999939,-40.55786133,12.20628643,23620014.abf,5,4021,59.50927734,-21.14868164,326.7999878,-25.390625,335.2999878,1.802826524,9,7,
AD,Insulin,325.3999939,-40.55786133,12.20628643,23620014.abf,5,4021,59.50927734,-21.14868164,326.7999878,-25.390625,335.2999878,1.802826524,10,4,
AH,Baseline,322.2999878,-42.20581055,13.12175751,23622003.abf,5,4021,69.03076172,-12.23754883,323.2999878,-8.239746094,325.7000122,1.218422532,1,0,
AH,Baseline,322.2999878,-42.20581055,13.12175751,23622003.abf,5,4021,69.03076172,-12.23754883,323.2999878,-8.239746094,325.7000122,1.218422532,2,0,
AH,Baseline,322.2999878,-42.20581055,13.12175751,23622003.abf,5,4021,69.03076172,-12.23754883,323.2999878,-8.239746094,325.7000122,1.218422532,3,0,
AH,Baseline,322.2999878,-42.20581055,13.12175751,23622003.abf,5,4021,69.03076172,-12.23754883,323.2999878,-8.239746094,325.7000122,1.218422532,4,0,
AH,Baseline,322.2999878,-42.20581055,13.12175751,23622003.abf,5,4021,69.03076172,-12.23754883,323.2999878,-8.239746094,325.7000122,1.218422532,5,5,
AH,Baseline,322.2999878,-42.20581055,13.12175751,23622003.abf,5,4021,69.03076172,-12.23754883,323.2999878,-8.239746094,325.7000122,1.218422532,6,7,
AH,Baseline,322.2999878,-42.20581055,13.12175751,23622003.abf,5,4021,69.03076172,-12.23754883,323.2999878,-8.239746094,325.7000122,1.218422532,7,9,
AH,Baseline,322.2999878,-42.20581055,13.12175751,23622003.abf,5,4021,69.03076172,-12.23754883,323.2999878,-8.239746094,325.7000122,1.218422532,8,11,
AH,Baseline,322.2999878,-42.20581055,13.12175751,23622003.abf,5,4021,69.03076172,-12.23754883,323.2999878,-8.239746094,325.7000122,1.218422532,9,12,
AH,Baseline,322.2999878,-42.20581055,13.12175751,23622003.abf,5,4021,69.03076172,-12.23754883,323.2999878,-8.239746094,325.7000122,1.218422532,10,13,
AH,Insulin-and-HFS,338.7000122,-41.80908203,10.37851048,23622017.abf,7,6021,46.05102539,-7.354736328,339.7000122,-16.99829102,343.7000122,1.276963353,1,0,
AH,Insulin-and-HFS,338.7000122,-41.80908203,10.37851048,23622017.abf,7,6021,46.05102539,-7.354736328,339.7000122,-16.99829102,343.7000122,1.276963353,2,0,
AH,Insulin-and-HFS,338.7000122,-41.80908203,10.37851048,23622017.abf,7,6021,46.05102539,-7.354736328,339.7000122,-16.99829102,343.7000122,1.276963353,3,0,
AH,Insulin-and-HFS,338.7000122,-41.80908203,10.37851048,23622017.abf,7,6021,46.05102539,-7.354736328,339.7000122,-16.99829102,343.7000122,1.276963353,4,0,
AH,Insulin-and-HFS,338.7000122,-41.80908203,10.37851048,23622017.abf,7,6021,46.05102539,-7.354736328,339.7000122,-16.99829102,343.7000122,1.276963353,5,0,
AH,Insulin-and-HFS,338.7000122,-41.80908203,10.37851048,23622017.abf,7,6021,46.05102539,-7.354736328,339.7000122,-16.99829102,343.7000122,1.276963353,6,0,
AH,Insulin-and-HFS,338.7000122,-41.80908203,10.37851048,23622017.abf,7,6021,46.05102539,-7.354736328,339.7000122,-16.99829102,343.7000122,1.276963353,7,1,
AH,Insulin-and-HFS,338.7000122,-41.80908203,10.37851048,23622017.abf,7,6021,46.05102539,-7.354736328,339.7000122,-16.99829102,343.7000122,1.276963353,8,2,
AH,Insulin-and-HFS,338.7000122,-41.80908203,10.37851048,23622017.abf,7,6021,46.05102539,-7.354736328,339.7000122,-16.99829102,343.7000122,1.276963353,9,1,
AH,Insulin-and-HFS,338.7000122,-41.80908203,10.37851048,23622017.abf,7,6021,46.05102539,-7.354736328,339.7000122,-16.99829102,343.7000122,1.276963353,10,3,
AM,Baseline,417.8999939,-35.00366211,12.20628643,23622025.abf,5,4021,61.27929688,-17.578125,418.8999939,-13.9465332,422.7999878,1.463183045,1,0,
AM,Baseline,417.8999939,-35.00366211,12.20628643,23622025.abf,5,4021,61.27929688,-17.578125,418.8999939,-13.9465332,422.7999878,1.463183045,2,0,
AM,Baseline,417.8999939,-35.00366211,12.20628643,23622025.abf,5,4021,61.27929688,-17.578125,418.8999939,-13.9465332,422.7999878,1.463183045,3,0,
AM,Baseline,417.8999939,-35.00366211,12.20628643,23622025.abf,5,4021,61.27929688,-17.578125,418.8999939,-13.9465332,422.7999878,1.463183045,4,0,
AM,Baseline,417.8999939,-35.00366211,12.20628643,23622025.abf,5,4021,61.27929688,-17.578125,418.8999939,-13.9465332,422.7999878,1.463183045,5,2,
AM,Baseline,417.8999939,-35.00366211,12.20628643,23622025.abf,5,4021,61.27929688,-17.578125,418.8999939,-13.9465332,422.7999878,1.463183045,6,4,
AM,Baseline,417.8999939,-35.00366211,12.20628643,23622025.abf,5,4021,61.27929688,-17.578125,418.8999939,-13.9465332,422.7999878,1.463183045,7,6,
AM,Baseline,417.8999939,-35.00366211,12.20628643,23622025.abf,5,4021,61.27929688,-17.578125,418.8999939,-13.9465332,422.7999878,1.463183045,8,10,
AM,Baseline,417.8999939,-35.00366211,12.20628643,23622025.abf,5,4021,61.27929688,-17.578125,418.8999939,-13.9465332,422.7999878,1.463183045,9,12,
AM,Baseline,417.8999939,-35.00366211,12.20628643,23622025.abf,5,4021,61.27929688,-17.578125,418.8999939,-13.9465332,422.7999878,1.463183045,10,14,
AM,Insulin-and-HFS,367.2999878,-37.59765625,14.03722954,23622046.abf,6,5021,35.88867188,-14.12963867,368.3999939,-10.25390625,372.7999878,1.655827522,1,0,
AM,Insulin-and-HFS,367.2999878,-37.59765625,14.03722954,23622046.abf,6,5021,35.88867188,-14.12963867,368.3999939,-10.25390625,372.7999878,1.655827522,2,0,
AM,Insulin-and-HFS,367.2999878,-37.59765625,14.03722954,23622046.abf,6,5021,35.88867188,-14.12963867,368.3999939,-10.25390625,372.7999878,1.655827522,3,0,
AM,Insulin-and-HFS,367.2999878,-37.59765625,14.03722954,23622046.abf,6,5021,35.88867188,-14.12963867,368.3999939,-10.25390625,372.7999878,1.655827522,4,0,
AM,Insulin-and-HFS,367.2999878,-37.59765625,14.03722954,23622046.abf,6,5021,35.88867188,-14.12963867,368.3999939,-10.25390625,372.7999878,1.655827522,5,0,
AM,Insulin-and-HFS,367.2999878,-37.59765625,14.03722954,23622046.abf,6,5021,35.88867188,-14.12963867,368.3999939,-10.25390625,372.7999878,1.655827522,6,4,
AM,Insulin-and-HFS,367.2999878,-37.59765625,14.03722954,23622046.abf,6,5021,35.88867188,-14.12963867,368.3999939,-10.25390625,372.7999878,1.655827522,7,6,
AM,Insulin-and-HFS,367.2999878,-37.59765625,14.03722954,23622046.abf,6,5021,35.88867188,-14.12963867,368.3999939,-10.25390625,372.7999878,1.655827522,8,9,
AM,Insulin-and-HFS,367.2999878,-37.59765625,14.03722954,23622046.abf,6,5021,35.88867188,-14.12963867,368.3999939,-10.25390625,372.7999878,1.655827522,9,12,
AM,Insulin-and-HFS,367.2999878,-37.59765625,14.03722954,23622046.abf,6,5021,35.88867188,-14.12963867,368.3999939,-10.25390625,372.7999878,1.655827522,10,14,
AO,Baseline,379.6000061,-34.66796875,18.30942917,23623001.abf,5,4021,46.53930664,-30.60913086,380.8999939,-0.427246094,384.8999939,2.079550505,1,0,
AO,Baseline,379.6000061,-34.66796875,18.30942917,23623001.abf,5,4021,46.53930664,-30.60913086,380.8999939,-0.427246094,384.8999939,2.079550505,2,0,
AO,Baseline,379.6000061,-34.66796875,18.30942917,23623001.abf,5,4021,46.53930664,-30.60913086,380.8999939,-0.427246094,384.8999939,2.079550505,3,0,
AO,Baseline,379.6000061,-34.66796875,18.30942917,23623001.abf,5,4021,46.53930664,-30.60913086,380.8999939,-0.427246094,384.8999939,2.079550505,4,0,
AO,Baseline,379.6000061,-34.66796875,18.30942917,23623001.abf,5,4021,46.53930664,-30.60913086,380.8999939,-0.427246094,384.8999939,2.079550505,5,6,Strange-shape-triple-AP
AO,Baseline,379.6000061,-34.66796875,18.30942917,23623001.abf,5,4021,46.53930664,-30.60913086,380.8999939,-0.427246094,384.8999939,2.079550505,6,7,
AO,Baseline,379.6000061,-34.66796875,18.30942917,23623001.abf,5,4021,46.53930664,-30.60913086,380.8999939,-0.427246094,384.8999939,2.079550505,7,7,
AO,Baseline,379.6000061,-34.66796875,18.30942917,23623001.abf,5,4021,46.53930664,-30.60913086,380.8999939,-0.427246094,384.8999939,2.079550505,8,8,
AO,Baseline,379.6000061,-34.66796875,18.30942917,23623001.abf,5,4021,46.53930664,-30.60913086,380.8999939,-0.427246094,384.8999939,2.079550505,9,9,
AO,Baseline,379.6000061,-34.66796875,18.30942917,23623001.abf,5,4021,46.53930664,-30.60913086,380.8999939,-0.427246094,384.8999939,2.079550505,10,10,
AO,Insulin,408.3999939,-41.77856445,10.07018661,23623009.abf,6,5021,28.19824219,-25.26855469,410,-9.765625,424.2999878,2.401382923,1,0,
AO,Insulin,408.3999939,-41.77856445,10.07018661,23623009.abf,6,5021,28.19824219,-25.26855469,410,-9.765625,424.2999878,2.401382923,2,0,
AO,Insulin,408.3999939,-41.77856445,10.07018661,23623009.abf,6,5021,28.19824219,-25.26855469,410,-9.765625,424.2999878,2.401382923,3,0,
AO,Insulin,408.3999939,-41.77856445,10.07018661,23623009.abf,6,5021,28.19824219,-25.26855469,410,-9.765625,424.2999878,2.401382923,4,0,
AO,Insulin,408.3999939,-41.77856445,10.07018661,23623009.abf,6,5021,28.19824219,-25.26855469,410,-9.765625,424.2999878,2.401382923,5,0,
AO,Insulin,408.3999939,-41.77856445,10.07018661,23623009.abf,6,5021,28.19824219,-25.26855469,410,-9.765625,424.2999878,2.401382923,6,1,
AO,Insulin,408.3999939,-41.77856445,10.07018661,23623009.abf,6,5021,28.19824219,-25.26855469,410,-9.765625,424.2999878,2.401382923,7,2,
AO,Insulin,408.3999939,-41.77856445,10.07018661,23623009.abf,6,5021,28.19824219,-25.26855469,410,-9.765625,424.2999878,2.401382923,8,4,
AO,Insulin,408.3999939,-41.77856445,10.07018661,23623009.abf,6,5021,28.19824219,-25.26855469,410,-9.765625,424.2999878,2.401382923,9,6,
AO,Insulin,408.3999939,-41.77856445,10.07018661,23623009.abf,6,5021,28.19824219,-25.26855469,410,-9.765625,424.2999878,2.401382923,10,6,
AV,Baseline,360.7999878,-28.5949707,13.12175751,23629010.abf,5,4021,63.01879883,8.636474609,361.7999878,-15.93017578,364.7999878,1.018093705,1,0,
AV,Baseline,360.7999878,-28.5949707,13.12175751,23629010.abf,5,4021,63.01879883,8.636474609,361.7999878,-15.93017578,364.7999878,1.018093705,2,0,
AV,Baseline,360.7999878,-28.5949707,13.12175751,23629010.abf,5,4021,63.01879883,8.636474609,361.7999878,-15.93017578,364.7999878,1.018093705,3,0,
AV,Baseline,360.7999878,-28.5949707,13.12175751,23629010.abf,5,4021,63.01879883,8.636474609,361.7999878,-15.93017578,364.7999878,1.018093705,4,0,
AV,Baseline,360.7999878,-28.5949707,13.12175751,23629010.abf,5,4021,63.01879883,8.636474609,361.7999878,-15.93017578,364.7999878,1.018093705,5,5,Check-decreasing-bursting-APs
AV,Baseline,360.7999878,-28.5949707,13.12175751,23629010.abf,5,4021,63.01879883,8.636474609,361.7999878,-15.93017578,364.7999878,1.018093705,6,0,Unsure-of-how-many-APs-are-true-APs
AV,Baseline,360.7999878,-28.5949707,13.12175751,23629010.abf,5,4021,63.01879883,8.636474609,361.7999878,-15.93017578,364.7999878,1.018093705,7,2,Some-APs-before-and-after
AV,Baseline,360.7999878,-28.5949707,13.12175751,23629010.abf,5,4021,63.01879883,8.636474609,361.7999878,-15.93017578,364.7999878,1.018093705,8,3,
AV,Baseline,360.7999878,-28.5949707,13.12175751,23629010.abf,5,4021,63.01879883,8.636474609,361.7999878,-15.93017578,364.7999878,1.018093705,9,3,
AV,Baseline,360.7999878,-28.5949707,13.12175751,23629010.abf,5,4021,63.01879883,8.636474609,361.7999878,-15.93017578,364.7999878,1.018093705,10,3,
AV,Insulin,366.5,-38.39111328,16.47848701,23629018.abf,5,4021,52.91748047,-17.27294922,367.3999939,-22.27783203,371.7000122,1.071746826,1,0,
AV,Insulin,366.5,-38.39111328,16.47848701,23629018.abf,5,4021,52.91748047,-17.27294922,367.3999939,-22.27783203,371.7000122,1.071746826,2,0,
AV,Insulin,366.5,-38.39111328,16.47848701,23629018.abf,5,4021,52.91748047,-17.27294922,367.3999939,-22.27783203,371.7000122,1.071746826,3,0,
AV,Insulin,366.5,-38.39111328,16.47848701,23629018.abf,5,4021,52.91748047,-17.27294922,367.3999939,-22.27783203,371.7000122,1.071746826,4,0,
AV,Insulin,366.5,-38.39111328,16.47848701,23629018.abf,5,4021,52.91748047,-17.27294922,367.3999939,-22.27783203,371.7000122,1.071746826,5,4,
AV,Insulin,366.5,-38.39111328,16.47848701,23629018.abf,5,4021,52.91748047,-17.27294922,367.3999939,-22.27783203,371.7000122,1.071746826,6,7,
AV,Insulin,366.5,-38.39111328,16.47848701,23629018.abf,5,4021,52.91748047,-17.27294922,367.3999939,-22.27783203,371.7000122,1.071746826,7,5,
AV,Insulin,366.5,-38.39111328,16.47848701,23629018.abf,5,4021,52.91748047,-17.27294922,367.3999939,-22.27783203,371.7000122,1.071746826,8,3,
AV,Insulin,366.5,-38.39111328,16.47848701,23629018.abf,5,4021,52.91748047,-17.27294922,367.3999939,-22.27783203,371.7000122,1.071746826,9,3,
AV,Insulin,366.5,-38.39111328,16.47848701,23629018.abf,5,4021,52.91748047,-17.27294922,367.3999939,-22.27783203,371.7000122,1.071746826,10,2,Unsure-of-how-many-APs-are-true-APs
AW,Baseline,323,-41.7175293,21.66615868,23629020.abf,5,4021,50.93383789,-15.99121094,323.8999939,-2.593994141,326.6000061,1.292224407,1,0,
AW,Baseline,323,-41.7175293,21.66615868,23629020.abf,5,4021,50.93383789,-15.99121094,323.8999939,-2.593994141,326.6000061,1.292224407,2,0,
AW,Baseline,323,-41.7175293,21.66615868,23629020.abf,5,4021,50.93383789,-15.99121094,323.8999939,-2.593994141,326.6000061,1.292224407,3,0,
AW,Baseline,323,-41.7175293,21.66615868,23629020.abf,5,4021,50.93383789,-15.99121094,323.8999939,-2.593994141,326.6000061,1.292224407,4,0,
AW,Baseline,323,-41.7175293,21.66615868,23629020.abf,5,4021,50.93383789,-15.99121094,323.8999939,-2.593994141,326.6000061,1.292224407,5,5,Bursting-APs
AW,Baseline,323,-41.7175293,21.66615868,23629020.abf,5,4021,50.93383789,-15.99121094,323.8999939,-2.593994141,326.6000061,1.292224407,6,6,
AW,Baseline,323,-41.7175293,21.66615868,23629020.abf,5,4021,50.93383789,-15.99121094,323.8999939,-2.593994141,326.6000061,1.292224407,7,12,
AW,Baseline,323,-41.7175293,21.66615868,23629020.abf,5,4021,50.93383789,-15.99121094,323.8999939,-2.593994141,326.6000061,1.292224407,8,17,
AW,Baseline,323,-41.7175293,21.66615868,23629020.abf,5,4021,50.93383789,-15.99121094,323.8999939,-2.593994141,326.6000061,1.292224407,9,22,
AW,Baseline,323,-41.7175293,21.66615868,23629020.abf,5,4021,50.93383789,-15.99121094,323.8999939,-2.593994141,326.6000061,1.292224407,10,24,Unsure-of-how-many-APs-are-true-APs
AW,Insulin,350.7000122,-47.63793945,11.59951115,23629028.abf,5,4021,50.29296875,-10.7421875,351.7000122,-11.16943359,355.7999878,1.312407494,1,0,
AW,Insulin,350.7000122,-47.63793945,11.59951115,23629028.abf,5,4021,50.29296875,-10.7421875,351.7000122,-11.16943359,355.7999878,1.312407494,2,0,
AW,Insulin,350.7000122,-47.63793945,11.59951115,23629028.abf,5,4021,50.29296875,-10.7421875,351.7000122,-11.16943359,355.7999878,1.312407494,3,0,
AW,Insulin,350.7000122,-47.63793945,11.59951115,23629028.abf,5,4021,50.29296875,-10.7421875,351.7000122,-11.16943359,355.7999878,1.312407494,4,0,
AW,Insulin,350.7000122,-47.63793945,11.59951115,23629028.abf,5,4021,50.29296875,-10.7421875,351.7000122,-11.16943359,355.7999878,1.312407494,5,2,
AW,Insulin,350.7000122,-47.63793945,11.59951115,23629028.abf,5,4021,50.29296875,-10.7421875,351.7000122,-11.16943359,355.7999878,1.312407494,6,5,
AW,Insulin,350.7000122,-47.63793945,11.59951115,23629028.abf,5,4021,50.29296875,-10.7421875,351.7000122,-11.16943359,355.7999878,1.312407494,7,9,
AW,Insulin,350.7000122,-47.63793945,11.59951115,23629028.abf,5,4021,50.29296875,-10.7421875,351.7000122,-11.16943359,355.7999878,1.312407494,8,14,
AW,Insulin,350.7000122,-47.63793945,11.59951115,23629028.abf,5,4021,50.29296875,-10.7421875,351.7000122,-11.16943359,355.7999878,1.312407494,9,16,
AW,Insulin,350.7000122,-47.63793945,11.59951115,23629028.abf,5,4021,50.29296875,-10.7421875,351.7000122,-11.16943359,355.7999878,1.312407494,10,18,
AZ,Baseline,375.6000061,-35.70556641,13.12175751,23630001.abf,5,4021,51.81884766,-13.82446289,376.7000122,-19.62280273,405.3999939,1.805556178,1,0,
AZ,Baseline,375.6000061,-35.70556641,13.12175751,23630001.abf,5,4021,51.81884766,-13.82446289,376.7000122,-19.62280273,405.3999939,1.805556178,2,0,
AZ,Baseline,375.6000061,-35.70556641,13.12175751,23630001.abf,5,4021,51.81884766,-13.82446289,376.7000122,-19.62280273,405.3999939,1.805556178,3,0,
AZ,Baseline,375.6000061,-35.70556641,13.12175751,23630001.abf,5,4021,51.81884766,-13.82446289,376.7000122,-19.62280273,405.3999939,1.805556178,4,0,
AZ,Baseline,375.6000061,-35.70556641,13.12175751,23630001.abf,5,4021,51.81884766,-13.82446289,376.7000122,-19.62280273,405.3999939,1.805556178,5,2,
AZ,Baseline,375.6000061,-35.70556641,13.12175751,23630001.abf,5,4021,51.81884766,-13.82446289,376.7000122,-19.62280273,405.3999939,1.805556178,6,3,
AZ,Baseline,375.6000061,-35.70556641,13.12175751,23630001.abf,5,4021,51.81884766,-13.82446289,376.7000122,-19.62280273,405.3999939,1.805556178,7,6,
AZ,Baseline,375.6000061,-35.70556641,13.12175751,23630001.abf,5,4021,51.81884766,-13.82446289,376.7000122,-19.62280273,405.3999939,1.805556178,8,9,
AZ,Baseline,375.6000061,-35.70556641,13.12175751,23630001.abf,5,4021,51.81884766,-13.82446289,376.7000122,-19.62280273,405.3999939,1.805556178,9,10,
AZ,Baseline,375.6000061,-35.70556641,13.12175751,23630001.abf,5,4021,51.81884766,-13.82446289,376.7000122,-19.62280273,405.3999939,1.805556178,10,13,
BN,Baseline,373.5,-32.10449219,10.37534332,23711003.abf,6,5021,72.5402832,-9.979248047,374.2000122,-17.73071289,377.8999939,1.087508082,1,0,
BN,Baseline,373.5,-32.10449219,10.37534332,23711003.abf,6,5021,72.5402832,-9.979248047,374.2000122,-17.73071289,377.8999939,1.087508082,2,0,
BN,Baseline,373.5,-32.10449219,10.37534332,23711003.abf,6,5021,72.5402832,-9.979248047,374.2000122,-17.73071289,377.8999939,1.087508082,3,0,
BN,Baseline,373.5,-32.10449219,10.37534332,23711003.abf,6,5021,72.5402832,-9.979248047,374.2000122,-17.73071289,377.8999939,1.087508082,4,0,
BN,Baseline,373.5,-32.10449219,10.37534332,23711003.abf,6,5021,72.5402832,-9.979248047,374.2000122,-17.73071289,377.8999939,1.087508082,5,0,
BN,Baseline,373.5,-32.10449219,10.37534332,23711003.abf,6,5021,72.5402832,-9.979248047,374.2000122,-17.73071289,377.8999939,1.087508082,6,4,
BN,Baseline,373.5,-32.10449219,10.37534332,23711003.abf,6,5021,72.5402832,-9.979248047,374.2000122,-17.73071289,377.8999939,1.087508082,7,7,
BN,Baseline,373.5,-32.10449219,10.37534332,23711003.abf,6,5021,72.5402832,-9.979248047,374.2000122,-17.73071289,377.8999939,1.087508082,8,10,
BN,Baseline,373.5,-32.10449219,10.37534332,23711003.abf,6,5021,72.5402832,-9.979248047,374.2000122,-17.73071289,377.8999939,1.087508082,9,12,
BN,Baseline,373.5,-32.10449219,10.37534332,23711003.abf,6,5021,72.5402832,-9.979248047,374.2000122,-17.73071289,377.8999939,1.087508082,10,15,
BN,Insulin,363.7999878,-38.54370117,13.12175751,23711011.abf,6,5021,68.42041016,-8.026123047,364.5,-21.14868164,369.1000061,1.112136245,1,0,
BN,Insulin,363.7999878,-38.54370117,13.12175751,23711011.abf,6,5021,68.42041016,-8.026123047,364.5,-21.14868164,369.1000061,1.112136245,2,0,
BN,Insulin,363.7999878,-38.54370117,13.12175751,23711011.abf,6,5021,68.42041016,-8.026123047,364.5,-21.14868164,369.1000061,1.112136245,3,0,
BN,Insulin,363.7999878,-38.54370117,13.12175751,23711011.abf,6,5021,68.42041016,-8.026123047,364.5,-21.14868164,369.1000061,1.112136245,4,0,
BN,Insulin,363.7999878,-38.54370117,13.12175751,23711011.abf,6,5021,68.42041016,-8.026123047,364.5,-21.14868164,369.1000061,1.112136245,5,0,
BN,Insulin,363.7999878,-38.54370117,13.12175751,23711011.abf,6,5021,68.42041016,-8.026123047,364.5,-21.14868164,369.1000061,1.112136245,6,3,
BN,Insulin,363.7999878,-38.54370117,13.12175751,23711011.abf,6,5021,68.42041016,-8.026123047,364.5,-21.14868164,369.1000061,1.112136245,7,6,
BN,Insulin,363.7999878,-38.54370117,13.12175751,23711011.abf,6,5021,68.42041016,-8.026123047,364.5,-21.14868164,369.1000061,1.112136245,8,9,
BN,Insulin,363.7999878,-38.54370117,13.12175751,23711011.abf,6,5021,68.42041016,-8.026123047,364.5,-21.14868164,369.1000061,1.112136245,9,12,
BN,Insulin,363.7999878,-38.54370117,13.12175751,23711011.abf,6,5021,68.42041016,-8.026123047,364.5,-21.14868164,369.1000061,1.112136245,10,13,
CO,Baseline,346.2000122,-28.74755859,14.34676456,23821007.abf,6,5021,63.23242188,-7.232666016,346.7999878,-19.43969727,349.2000122,0.802682102,1,0,
CO,Baseline,346.2000122,-28.74755859,14.34676456,23821007.abf,6,5021,63.23242188,-7.232666016,346.7999878,-19.43969727,349.2000122,0.802682102,2,0,
CO,Baseline,346.2000122,-28.74755859,14.34676456,23821007.abf,6,5021,63.23242188,-7.232666016,346.7999878,-19.43969727,349.2000122,0.802682102,3,0,
CO,Baseline,346.2000122,-28.74755859,14.34676456,23821007.abf,6,5021,63.23242188,-7.232666016,346.7999878,-19.43969727,349.2000122,0.802682102,4,0,
CO,Baseline,346.2000122,-28.74755859,14.34676456,23821007.abf,6,5021,63.23242188,-7.232666016,346.7999878,-19.43969727,349.2000122,0.802682102,5,0,
CO,Baseline,346.2000122,-28.74755859,14.34676456,23821007.abf,6,5021,63.23242188,-7.232666016,346.7999878,-19.43969727,349.2000122,0.802682102,6,5,
CO,Baseline,346.2000122,-28.74755859,14.34676456,23821007.abf,6,5021,63.23242188,-7.232666016,346.7999878,-19.43969727,349.2000122,0.802682102,7,9,
CO,Baseline,346.2000122,-28.74755859,14.34676456,23821007.abf,6,5021,63.23242188,-7.232666016,346.7999878,-19.43969727,349.2000122,0.802682102,8,11,
CO,Baseline,346.2000122,-28.74755859,14.34676456,23821007.abf,6,5021,63.23242188,-7.232666016,346.7999878,-19.43969727,349.2000122,0.802682102,9,14,
CO,Baseline,346.2000122,-28.74755859,14.34676456,23821007.abf,6,5021,63.23242188,-7.232666016,346.7999878,-19.43969727,349.2000122,0.802682102,10,13,Unsure-of-how-many-APs-are-true-APs
CO,Insulin,339,-31.5246582,27.15898705,23821015.abf,7,6021,44.61669922,-12.4206543,339.6000061,-24.6887207,348.2999878,0.866975427,1,0,
CO,Insulin,339,-31.5246582,27.15898705,23821015.abf,7,6021,44.61669922,-12.4206543,339.6000061,-24.6887207,348.2999878,0.866975427,2,0,
CO,Insulin,339,-31.5246582,27.15898705,23821015.abf,7,6021,44.61669922,-12.4206543,339.6000061,-24.6887207,348.2999878,0.866975427,3,0,
CO,Insulin,339,-31.5246582,27.15898705,23821015.abf,7,6021,44.61669922,-12.4206543,339.6000061,-24.6887207,348.2999878,0.866975427,4,0,
CO,Insulin,339,-31.5246582,27.15898705,23821015.abf,7,6021,44.61669922,-12.4206543,339.6000061,-24.6887207,348.2999878,0.866975427,5,0,
CO,Insulin,339,-31.5246582,27.15898705,23821015.abf,7,6021,44.61669922,-12.4206543,339.6000061,-24.6887207,348.2999878,0.866975427,6,0,
CO,Insulin,339,-31.5246582,27.15898705,23821015.abf,7,6021,44.61669922,-12.4206543,339.6000061,-24.6887207,348.2999878,0.866975427,7,2,
CO,Insulin,339,-31.5246582,27.15898705,23821015.abf,7,6021,44.61669922,-12.4206543,339.6000061,-24.6887207,348.2999878,0.866975427,8,2,
CO,Insulin,339,-31.5246582,27.15898705,23821015.abf,7,6021,44.61669922,-12.4206543,339.6000061,-24.6887207,348.2999878,0.866975427,9,2,
CO,Insulin,339,-31.5246582,27.15898705,23821015.abf,7,6021,44.61669922,-12.4206543,339.6000061,-24.6887207,348.2999878,0.866975427,10,3,
FJ,Baseline,586.5999756,-27.70996094,18.30384445,23d11007.abf,5,4021,61.18774414,-7.446289063,587.9000244,-7.141113281,592.2999878,1.922105312,1,0,Fine-AP-a-bit-later
FJ,Baseline,586.5999756,-27.70996094,18.30384445,23d11007.abf,5,4021,61.18774414,-7.446289063,587.9000244,-7.141113281,592.2999878,1.922105312,2,0,
FJ,Baseline,586.5999756,-27.70996094,18.30384445,23d11007.abf,5,4021,61.18774414,-7.446289063,587.9000244,-7.141113281,592.2999878,1.922105312,3,1,Confirm-regarding-sweep-3-AP-not-a-real-AP
FJ,Baseline,586.5999756,-27.70996094,18.30384445,23d11007.abf,5,4021,61.18774414,-7.446289063,587.9000244,-7.141113281,592.2999878,1.922105312,4,0,
FJ,Baseline,586.5999756,-27.70996094,18.30384445,23d11007.abf,5,4021,61.18774414,-7.446289063,587.9000244,-7.141113281,592.2999878,1.922105312,5,3,
FJ,Baseline,586.5999756,-27.70996094,18.30384445,23d11007.abf,5,4021,61.18774414,-7.446289063,587.9000244,-7.141113281,592.2999878,1.922105312,6,4,
FJ,Baseline,586.5999756,-27.70996094,18.30384445,23d11007.abf,5,4021,61.18774414,-7.446289063,587.9000244,-7.141113281,592.2999878,1.922105312,7,5,
FJ,Baseline,586.5999756,-27.70996094,18.30384445,23d11007.abf,5,4021,61.18774414,-7.446289063,587.9000244,-7.141113281,592.2999878,1.922105312,8,6,
FJ,Baseline,586.5999756,-27.70996094,18.30384445,23d11007.abf,5,4021,61.18774414,-7.446289063,587.9000244,-7.141113281,592.2999878,1.922105312,9,6,
FJ,Baseline,586.5999756,-27.70996094,18.30384445,23d11007.abf,5,4021,61.18774414,-7.446289063,587.9000244,-7.141113281,592.2999878,1.922105312,10,5,Unsure-of-how-many-APs-are-true-APs
FJ,Insulin,NA,NA,NA,NA,NA,NA,0,NA,NA,NA,NA,NA,1,0,
FJ,Insulin,NA,NA,NA,NA,NA,NA,0,NA,NA,NA,NA,NA,2,0,
FJ,Insulin,NA,NA,NA,NA,NA,NA,0,NA,NA,NA,NA,NA,3,0,
FJ,Insulin,NA,NA,NA,NA,NA,NA,0,NA,NA,NA,NA,NA,4,0,
FJ,Insulin,NA,NA,NA,NA,NA,NA,0,NA,NA,NA,NA,NA,5,0,
FJ,Insulin,NA,NA,NA,NA,NA,NA,0,NA,NA,NA,NA,NA,6,0,
FJ,Insulin,NA,NA,NA,NA,NA,NA,0,NA,NA,NA,NA,NA,7,0,
FJ,Insulin,NA,NA,NA,NA,NA,NA,0,NA,NA,NA,NA,NA,8,0,
FJ,Insulin,NA,NA,NA,NA,NA,NA,0,NA,NA,NA,NA,NA,9,0,
FJ,Insulin,NA,NA,NA,NA,NA,NA,0,NA,NA,NA,NA,NA,10,0,
FK,Baseline,373.2999878,-24.59716797,10.68050003,23d15001.abf,8,7021,77.75878906,-18.76831055,374.2999878,-27.25219727,377.2000122,1.094838619,1,0,Really-smooth
FK,Baseline,373.2999878,-24.59716797,10.68050003,23d15001.abf,8,7021,77.75878906,-18.76831055,374.2999878,-27.25219727,377.2000122,1.094838619,2,0,
FK,Baseline,373.2999878,-24.59716797,10.68050003,23d15001.abf,8,7021,77.75878906,-18.76831055,374.2999878,-27.25219727,377.2000122,1.094838619,3,0,
FK,Baseline,373.2999878,-24.59716797,10.68050003,23d15001.abf,8,7021,77.75878906,-18.76831055,374.2999878,-27.25219727,377.2000122,1.094838619,4,0,
FK,Baseline,373.2999878,-24.59716797,10.68050003,23d15001.abf,8,7021,77.75878906,-18.76831055,374.2999878,-27.25219727,377.2000122,1.094838619,5,0,
FK,Baseline,373.2999878,-24.59716797,10.68050003,23d15001.abf,8,7021,77.75878906,-18.76831055,374.2999878,-27.25219727,377.2000122,1.094838619,6,0,
FK,Baseline,373.2999878,-24.59716797,10.68050003,23d15001.abf,8,7021,77.75878906,-18.76831055,374.2999878,-27.25219727,377.2000122,1.094838619,7,0,
FK,Baseline,373.2999878,-24.59716797,10.68050003,23d15001.abf,8,7021,77.75878906,-18.76831055,374.2999878,-27.25219727,377.2000122,1.094838619,8,1,
FK,Baseline,373.2999878,-24.59716797,10.68050003,23d15001.abf,8,7021,77.75878906,-18.76831055,374.2999878,-27.25219727,377.2000122,1.094838619,9,2,
FK,Baseline,373.2999878,-24.59716797,10.68050003,23d15001.abf,8,7021,77.75878906,-18.76831055,374.2999878,-27.25219727,377.2000122,1.094838619,10,2,
FK,Insulin,NA,NA,NA,NA,NA,NA,0,NA,NA,NA,NA,NA,1,0,
FK,Insulin,NA,NA,NA,NA,NA,NA,0,NA,NA,NA,NA,NA,2,0,
FK,Insulin,NA,NA,NA,NA,NA,NA,0,NA,NA,NA,NA,NA,3,0,
FK,Insulin,NA,NA,NA,NA,NA,NA,0,NA,NA,NA,NA,NA,4,0,
FK,Insulin,NA,NA,NA,NA,NA,NA,0,NA,NA,NA,NA,NA,5,0,
FK,Insulin,NA,NA,NA,NA,NA,NA,0,NA,NA,NA,NA,NA,6,0,
FK,Insulin,NA,NA,NA,NA,NA,NA,0,NA,NA,NA,NA,NA,7,0,
FK,Insulin,NA,NA,NA,NA,NA,NA,0,NA,NA,NA,NA,NA,8,0,
FK,Insulin,NA,NA,NA,NA,NA,NA,0,NA,NA,NA,NA,NA,9,0,
FK,Insulin,NA,NA,NA,NA,NA,NA,0,NA,NA,NA,NA,NA,10,0,
FN,Baseline,368,-33.05053711,45.1632576,24130001.abf,7,6021,65.49072266,-17.54760742,368.6000061,-21.57592773,370.8999939,0.824616849,1,0,
FN,Baseline,368,-33.05053711,45.1632576,24130001.abf,7,6021,65.49072266,-17.54760742,368.6000061,-21.57592773,370.8999939,0.824616849,2,0,
FN,Baseline,368,-33.05053711,45.1632576,24130001.abf,7,6021,65.49072266,-17.54760742,368.6000061,-21.57592773,370.8999939,0.824616849,3,0,
FN,Baseline,368,-33.05053711,45.1632576,24130001.abf,7,6021,65.49072266,-17.54760742,368.6000061,-21.57592773,370.8999939,0.824616849,4,0,
FN,Baseline,368,-33.05053711,45.1632576,24130001.abf,7,6021,65.49072266,-17.54760742,368.6000061,-21.57592773,370.8999939,0.824616849,5,0,
FN,Baseline,368,-33.05053711,45.1632576,24130001.abf,7,6021,65.49072266,-17.54760742,368.6000061,-21.57592773,370.8999939,0.824616849,6,0,
FN,Baseline,368,-33.05053711,45.1632576,24130001.abf,7,6021,65.49072266,-17.54760742,368.6000061,-21.57592773,370.8999939,0.824616849,7,2,
FN,Baseline,368,-33.05053711,45.1632576,24130001.abf,7,6021,65.49072266,-17.54760742,368.6000061,-21.57592773,370.8999939,0.824616849,8,5,
FN,Baseline,368,-33.05053711,45.1632576,24130001.abf,7,6021,65.49072266,-17.54760742,368.6000061,-21.57592773,370.8999939,0.824616849,9,7,
FN,Baseline,368,-33.05053711,45.1632576,24130001.abf,7,6021,65.49072266,-17.54760742,368.6000061,-21.57592773,370.8999939,0.824616849,10,9,
FN,Insulin,NA,NA,NA,NA,NA,NA,0,NA,NA,NA,NA,NA,1,0,
FN,Insulin,NA,NA,NA,NA,NA,NA,0,NA,NA,NA,NA,NA,2,0,
FN,Insulin,NA,NA,NA,NA,NA,NA,0,NA,NA,NA,NA,NA,3,0,
FN,Insulin,NA,NA,NA,NA,NA,NA,0,NA,NA,NA,NA,NA,4,0,
FN,Insulin,NA,NA,NA,NA,NA,NA,0,NA,NA,NA,NA,NA,5,0,
FN,Insulin,NA,NA,NA,NA,NA,NA,0,NA,NA,NA,NA,NA,6,0,
FN,Insulin,NA,NA,NA,NA,NA,NA,0,NA,NA,NA,NA,NA,7,0,
FN,Insulin,NA,NA,NA,NA,NA,NA,0,NA,NA,NA,NA,NA,8,0,
FN,Insulin,NA,NA,NA,NA,NA,NA,0,NA,NA,NA,NA,NA,9,0,
FN,Insulin,NA,NA,NA,NA,NA,NA,0,NA,NA,NA,NA,NA,10,0,
FO,Baseline,337.8999939,-32.25708008,12.8166008,24130014.abf,9,8021,59.96704102,-16.8762207,338.5,-8.697509766,340.8999939,1.02284205,1,0,
FO,Baseline,337.8999939,-32.25708008,12.8166008,24130014.abf,9,8021,59.96704102,-16.8762207,338.5,-8.697509766,340.8999939,1.02284205,2,0,
FO,Baseline,337.8999939,-32.25708008,12.8166008,24130014.abf,9,8021,59.96704102,-16.8762207,338.5,-8.697509766,340.8999939,1.02284205,3,0,
FO,Baseline,337.8999939,-32.25708008,12.8166008,24130014.abf,9,8021,59.96704102,-16.8762207,338.5,-8.697509766,340.8999939,1.02284205,4,0,
FO,Baseline,337.8999939,-32.25708008,12.8166008,24130014.abf,9,8021,59.96704102,-16.8762207,338.5,-8.697509766,340.8999939,1.02284205,5,0,
FO,Baseline,337.8999939,-32.25708008,12.8166008,24130014.abf,9,8021,59.96704102,-16.8762207,338.5,-8.697509766,340.8999939,1.02284205,6,0,
FO,Baseline,337.8999939,-32.25708008,12.8166008,24130014.abf,9,8021,59.96704102,-16.8762207,338.5,-8.697509766,340.8999939,1.02284205,7,0,
FO,Baseline,337.8999939,-32.25708008,12.8166008,24130014.abf,9,8021,59.96704102,-16.8762207,338.5,-8.697509766,340.8999939,1.02284205,8,0,
FO,Baseline,337.8999939,-32.25708008,12.8166008,24130014.abf,9,8021,59.96704102,-16.8762207,338.5,-8.697509766,340.8999939,1.02284205,9,2,Bursting-APs
FO,Baseline,337.8999939,-32.25708008,12.8166008,24130014.abf,9,8021,59.96704102,-16.8762207,338.5,-8.697509766,340.8999939,1.02284205,10,2,
FP,Baseline,501.1000061,-30.48706055,16.78364372,24130022.abf,9,8021,76.41601563,-20.08056641,501.7999878,-16.84570313,504.6000061,1.058791637,1,0,
FP,Baseline,501.1000061,-30.48706055,16.78364372,24130022.abf,9,8021,76.41601563,-20.08056641,501.7999878,-16.84570313,504.6000061,1.058791637,2,0,
FP,Baseline,501.1000061,-30.48706055,16.78364372,24130022.abf,9,8021,76.41601563,-20.08056641,501.7999878,-16.84570313,504.6000061,1.058791637,3,0,
FP,Baseline,501.1000061,-30.48706055,16.78364372,24130022.abf,9,8021,76.41601563,-20.08056641,501.7999878,-16.84570313,504.6000061,1.058791637,4,0,
FP,Baseline,501.1000061,-30.48706055,16.78364372,24130022.abf,9,8021,76.41601563,-20.08056641,501.7999878,-16.84570313,504.6000061,1.058791637,5,0,
FP,Baseline,501.1000061,-30.48706055,16.78364372,24130022.abf,9,8021,76.41601563,-20.08056641,501.7999878,-16.84570313,504.6000061,1.058791637,6,0,
FP,Baseline,501.1000061,-30.48706055,16.78364372,24130022.abf,9,8021,76.41601563,-20.08056641,501.7999878,-16.84570313,504.6000061,1.058791637,7,0,
FP,Baseline,501.1000061,-30.48706055,16.78364372,24130022.abf,9,8021,76.41601563,-20.08056641,501.7999878,-16.84570313,504.6000061,1.058791637,8,0,
FP,Baseline,501.1000061,-30.48706055,16.78364372,24130022.abf,9,8021,76.41601563,-20.08056641,501.7999878,-16.84570313,504.6000061,1.058791637,9,1,
FP,Baseline,501.1000061,-30.48706055,16.78364372,24130022.abf,9,8021,76.41601563,-20.08056641,501.7999878,-16.84570313,504.6000061,1.058791637,10,4,
H,Baseline,392.8,-23.74267578,12.20703125,23607001.abf,6,5021,70.43457031,NA,393.7999939,-33.05053711,397.1000061,1.109439015,1,0,time-of-peak-vs-time-of-threshold-off-by-264.4
H,Baseline,392.8,-23.74267578,12.20703125,23607001.abf,6,5021,70.43457031,NA,393.7999939,-33.05053711,397.1000061,1.109439015,2,0,Resolved-check-cursors-in-lab
H,Baseline,392.8,-23.74267578,12.20703125,23607001.abf,6,5021,70.43457031,NA,393.7999939,-33.05053711,397.1000061,1.109439015,3,0,659.1999939
H,Baseline,392.8,-23.74267578,12.20703125,23607001.abf,6,5021,70.43457031,NA,393.7999939,-33.05053711,397.1000061,1.109439015,4,0,
H,Baseline,392.8,-23.74267578,12.20703125,23607001.abf,6,5021,70.43457031,NA,393.7999939,-33.05053711,397.1000061,1.109439015,5,1,Unsure-of-how-many-APs-are-true-APs
H,Baseline,392.8,-23.74267578,12.20703125,23607001.abf,6,5021,70.43457031,NA,393.7999939,-33.05053711,397.1000061,1.109439015,6,2,
H,Baseline,392.8,-23.74267578,12.20703125,23607001.abf,6,5021,70.43457031,NA,393.7999939,-33.05053711,397.1000061,1.109439015,7,3,
H,Baseline,392.8,-23.74267578,12.20703125,23607001.abf,6,5021,70.43457031,NA,393.7999939,-33.05053711,397.1000061,1.109439015,8,3,
H,Baseline,392.8,-23.74267578,12.20703125,23607001.abf,6,5021,70.43457031,NA,393.7999939,-33.05053711,397.1000061,1.109439015,9,4,
H,Baseline,392.8,-23.74267578,12.20703125,23607001.abf,6,5021,70.43457031,NA,393.7999939,-33.05053711,397.1000061,1.109439015,10,5,time-of-peak-vs-time-of-threshold-off-by-264.4
H,Insulin,403.3999939,-24.53613281,10.98565769,23607007.abf,6,5021,50.35400391,-20.20263672,404.5,-28.71704102,409.8999939,1.566837549,1,0,
H,Insulin,403.3999939,-24.53613281,10.98565769,23607007.abf,6,5021,50.35400391,-20.20263672,404.5,-28.71704102,409.8999939,1.566837549,2,0,
H,Insulin,403.3999939,-24.53613281,10.98565769,23607007.abf,6,5021,50.35400391,-20.20263672,404.5,-28.71704102,409.8999939,1.566837549,3,0,
H,Insulin,403.3999939,-24.53613281,10.98565769,23607007.abf,6,5021,50.35400391,-20.20263672,404.5,-28.71704102,409.8999939,1.566837549,4,0,
H,Insulin,403.3999939,-24.53613281,10.98565769,23607007.abf,6,5021,50.35400391,-20.20263672,404.5,-28.71704102,409.8999939,1.566837549,5,0,
H,Insulin,403.3999939,-24.53613281,10.98565769,23607007.abf,6,5021,50.35400391,-20.20263672,404.5,-28.71704102,409.8999939,1.566837549,6,1,
H,Insulin,403.3999939,-24.53613281,10.98565769,23607007.abf,6,5021,50.35400391,-20.20263672,404.5,-28.71704102,409.8999939,1.566837549,7,2,
H,Insulin,403.3999939,-24.53613281,10.98565769,23607007.abf,6,5021,50.35400391,-20.20263672,404.5,-28.71704102,409.8999939,1.566837549,8,4,
H,Insulin,403.3999939,-24.53613281,10.98565769,23607007.abf,6,5021,50.35400391,-20.20263672,404.5,-28.71704102,409.8999939,1.566837549,9,4,
H,Insulin,403.3999939,-24.53613281,10.98565769,23607007.abf,6,5021,50.35400391,-20.20263672,404.5,-28.71704102,409.8999939,1.566837549,10,5,
AZ,Insulin,356.1,-42.29736328,10.68115234,23630012.abf,6,5021,33.05057526,NA,357.3000015,-5.218505859,362.2999878,1.814402103,1,0,Resolved-check-cursors-in-lab
AZ,Insulin,356.1,-42.29736328,10.68115234,23630012.abf,6,5021,33.05057526,NA,357.3000015,-5.218505859,362.2999878,1.814402103,2,0,
AZ,Insulin,356.1,-42.29736328,10.68115234,23630012.abf,6,5021,33.05057526,NA,357.3000015,-5.218505859,362.2999878,1.814402103,3,0,
AZ,Insulin,356.1,-42.29736328,10.68115234,23630012.abf,6,5021,33.05057526,NA,357.3000015,-5.218505859,362.2999878,1.814402103,4,0,
AZ,Insulin,356.1,-42.29736328,10.68115234,23630012.abf,6,5021,33.05057526,NA,357.3000015,-5.218505859,362.2999878,1.814402103,5,0,
AZ,Insulin,356.1,-42.29736328,10.68115234,23630012.abf,6,5021,33.05057526,NA,357.3000015,-5.218505859,362.2999878,1.814402103,6,1,
AZ,Insulin,356.1,-42.29736328,10.68115234,23630012.abf,6,5021,33.05057526,NA,357.3000015,-5.218505859,362.2999878,1.814402103,7,4,
AZ,Insulin,356.1,-42.29736328,10.68115234,23630012.abf,6,5021,33.05057526,NA,357.3000015,-5.218505859,362.2999878,1.814402103,8,7,
AZ,Insulin,356.1,-42.29736328,10.68115234,23630012.abf,6,5021,33.05057526,NA,357.3000015,-5.218505859,362.2999878,1.814402103,9,10,
AZ,Insulin,356.1,-42.29736328,10.68115234,23630012.abf,6,5021,33.05057526,NA,357.3000015,-5.218505859,362.2999878,1.814402103,10,12,
